{"file":{"time_start":"2014-10-21","time_end":"2014-10-21","is_newest":true,"newest_days":200},"in_out":{"dir_in":"E:\\docs\\2014工作\\SK替代\\样例数据\\24小时降水","dir_out":"C:\\Users\\Administrator\\Desktop\\locales","file_rule":{"common":{"prefix":"","date_format":"yyyyMMddhh","postfix":"","file_suffix":"000"},"custom":"14051108.000","type":"2","file_type":"1","file_hour":0},"out_filename":"24小时降水实况_800x800.png"},"title":{"title_1":{"is_show":true,"text":"示意图","style":"font-size: 40px;line-height:40px;font-weight: bold;"},"title_2":{"is_show":true,"text":"MM月dd日hh时-dd日hh时","style":"font-size: 30px;line-height:30px;font-weight: bold;"},"title_3":{"is_show":true,"text":"MM月dd日hh时发布","style":"font-size: 24px;line-height:24px;font-weight: bold;"}},"legend":{"unit":"厘米","is_show_legend":true,"is_show_unit":true,"is_reverse":false,"is_updown":true,"blendent":[{"val":{"n":"雨","v":26},"color_start":"#0000ff","color_end":"#ff0000","is_stripe":false,"number_min":"0","number_max":"250","number_level":"5","colors":[{"is_checked":true,"color":"#ffffff","color_text":"#000000","val":[-9999,0],"text":"无降水","order":0},{"is_checked":true,"color":"#afeb91","color_text":"#000000","val":[0,10],"text":"0-10","order":0},{"is_checked":true,"color":"#2ead06","color_text":"#000000","val":[10,25],"text":"10-25","order":0},{"is_checked":true,"color":"#64b8ff","color_text":"#000000","val":[25,50],"text":"25-50","order":0},{"is_checked":true,"color":"#0901ec","color_text":"#ffffff","val":[50,100],"text":"50-100","order":0},{"is_checked":true,"color":"#f805f5","color_text":"#ffffff","val":[100,250],"text":"100-250","order":0},{"is_checked":true,"color":"#710505","color_text":"#ffffff","val":[250,99999],"text":"＞250毫米","order":0}]}]},"other":{"logo":"E:\\source\\nodejs_project\\GraphTool\\image\\icon\\图标\\4.省气象局图标_128\\北京市气象局.png","bg_img":{"val":"","flag":false},"bg_color":{"val":"#ffffff","flag":false},"interpolation":{"flag":false}}}