{"file":{"time_start":"2014-10-21","time_end":"2014-10-21","is_newest":true,"newest_days":5},"in_out":{"dir_in":"E:\\source\\nodejs_project\\micaps\\data\\micaps\\14\\rr012608","dir_out":"C:\\Users\\Administrator\\Desktop\\locales","file_rule":{"common":{"prefix":"rr","date_format":"MMddhh","postfix":"","file_suffix":"048"},"custom":"rrMMddhh.072.json","type":"2","file_type":"2","file_hour":72},"out_filename":"24小时降水_800x800.png"},"title":{"title_1":{"is_show":true,"text":"最高气温预报示意图","style":"font-size: 40px; color: rgb(0, 255, 0); font-weight: bold; font-style: italic; text-decoration: line-through underline; line-height: 40px; background-color: rgb(128, 0, 64);"},"title_2":{"is_show":true,"text":"mm月dd日hh时-dd日hh时","style":""},"title_3":{"is_show":true,"text":"mm月dd日hh时发布","style":""}},"legend":{"unit":"毫米","is_show_legend":true,"is_show_unit":true,"is_reverse":false,"is_updown":true,"blendent":[{"val":{"n":"雨","v":26},"color_start":"#0000ff","color_end":"#ff0000","is_stripe":false,"number_min":"0","number_max":"40","number_level":"3","colors":[{"is_checked":true,"color":"#0000ff","color_text":"#000000","val":[null,0],"text":"<0","order":0},{"is_checked":true,"color":"#3300cc","color_text":"#000000","val":[0,13.3],"text":"≤0<13.3","order":0},{"is_checked":true,"color":"#660099","color_text":"#000000","val":[13.3,26.7],"text":"≤13.3<26.7","order":0},{"is_checked":true,"color":"#990066","color_text":"#000000","val":[26.7,40],"text":"≤26.7<40","order":0},{"is_checked":true,"color":"#cc0033","color_text":"#000000","val":[40,null],"text":"40≤","order":0}]},{"val":{"n":"雨夹雪","v":24},"color_start":"#00ff00","color_end":"#ff0000","is_stripe":false,"number_min":"-10","number_max":"20","number_level":"6","colors":[{"is_checked":true,"color":"#00ff00","color_text":"#000000","val":[null,-10],"text":"<-10","order":0},{"is_checked":true,"color":"#1fdf00","color_text":"#000000","val":[-10,-5],"text":"≤-10<-5","order":0},{"is_checked":true,"color":"#3ebf00","color_text":"#000000","val":[-5,0],"text":"≤-5<0","order":0},{"is_checked":true,"color":"#5d9f00","color_text":"#000000","val":[0,5],"text":"≤0<5","order":0},{"is_checked":true,"color":"#9b5f00","color_text":"#000000","val":[10,15],"text":"≤10<15","order":0},{"is_checked":true,"color":"#ba3f00","color_text":"#000000","val":[15,20],"text":"≤15<20","order":0},{"is_checked":true,"color":"#d91f00","color_text":"#000000","val":[20,null],"text":"20≤","order":0},{"is_checked":true,"color":"#7c7f00","color_text":"#000000","val":[5,10],"text":"≤5<10","order":0}]},{"val":{"n":"雪","v":23},"color_start":"#0000ff","color_end":"#408080","is_stripe":true,"number_min":"-3","number_max":"3","number_level":"3","colors":[{"is_checked":true,"color":"#0000ff","color_text":"#000000","val":[null,-3],"text":"<-3","order":0},{"is_checked":true,"color":"#1832cb","color_text":"#000000","val":[-1,1],"text":"≤-1<1","order":0},{"is_checked":true,"color":"#0c19e5","color_text":"#000000","val":[-3,-1],"text":"≤-3<-1","order":0},{"is_checked":true,"color":"#244bb1","color_text":"#000000","val":[1,3],"text":"≤1<3","order":0},{"is_checked":true,"color":"#306497","color_text":"#000000","val":[3,null],"text":"3≤","order":0}]}]},"other":{"logo":"C:\\Users\\Public\\Pictures\\Sample Pictures\\Chrysanthemum.jpg","bg_img":{"val":"","flag":false},"bg_color":{"val":"#000000","flag":false},"interpolation":{"flag":false}}}