{"file":{"time_start":"2014-10-21","time_end":"2014-10-21","is_newest":true,"newest_days":100},"in_out":{"dir_in":"E:\\source\\nodejs_project\\micaps\\data\\micaps_source\\3","dir_out":"C:\\Users\\Administrator\\Desktop\\locales","file_rule":{"common":{"prefix":"","date_format":"yyyyMMddhh","postfix":"","file_suffix":"000"},"custom":"15031218.000","type":"2","file_type":"1","file_hour":0,"col":3},"out_filename":"24小时变温实况_800x800.png"},"title":{"title_1":{"is_show":true,"text":"24小时变温实况图","style":"font-size: 40px; color: rgb(0, 0, 0); font-weight: bold; font-style: normal; text-decoration: none; line-height: 40px; background-color: transparent;"},"title_2":{"is_show":true,"text":"MM月dd日hh时","style":"font-size: 30px; color: rgb(0, 0, 0); font-weight: bold; font-style: normal; text-decoration: none; line-height: 30px; background-color: transparent;"},"title_3":{"is_show":false,"text":"MM月dd日hh时发布","style":""}},"legend":{"unit":"厘米","is_show_legend":true,"is_show_unit":true,"is_reverse":true,"is_updown":false,"blendent":[{"val":{"n":"温度","v":"102"},"color_start":"#0000ff","color_end":"#ff0000","is_stripe":false,"number_min":"-30","number_max":"40","number_level":"14","colors":[{"is_checked":true,"color":"#001081","color_text":"#000000","val":[-9999,-50],"text":"<-50℃","order":0},{"is_checked":true,"color":"#0321b3","color_text":"#000000","val":[-50,-40],"text":"-50~-40","order":0},{"is_checked":true,"color":"#046fe3","color_text":"#000000","val":[-40,-30],"text":"-25~-20","order":0},{"is_checked":true,"color":"#3d97ef","color_text":"#000000","val":[-30,-20],"text":"-20~-15","order":0},{"is_checked":true,"color":"#70c0fd","color_text":"#000000","val":[-20,-10],"text":"-15~-10","order":0},{"is_checked":true,"color":"#8afdf8","color_text":"#000000","val":[-10,-5],"text":"-10~-5","order":0},{"is_checked":true,"color":"#bfffdc","color_text":"#000000","val":[-5,0],"text":"-5~0","order":0},{"is_checked":true,"color":"#eaf93a","color_text":"#000000","val":[0,5],"text":"0~5","order":0},{"is_checked":true,"color":"#eac32a","color_text":"#000000","val":[5,15],"text":"5~15","order":0},{"is_checked":true,"color":"#e38221","color_text":"#000000","val":[15,25],"text":"15~25","order":0},{"is_checked":true,"color":"#d7304c","color_text":"#000000","val":[25,30],"text":"25~30","order":0},{"is_checked":true,"color":"#e86dc7","color_text":"#000000","val":[30,35],"text":"30~35","order":0},{"is_checked":true,"color":"#93256c","color_text":"#000000","val":[35,37],"text":"35~37","order":0},{"is_checked":true,"color":"#4f1c6b","color_text":"#000000","val":[37,40],"text":"37~40","order":0},{"is_checked":true,"color":"#fd2006","color_text":"#000000","val":[40,45],"text":"40~45","order":0},{"is_checked":true,"color":"#d02478","color_text":"#000000","val":[45,9999],"text":"≥40℃","order":0}]}]},"other":{"logo":"E:\\source\\nodejs_project\\GraphTool\\image\\icon\\图标\\icon\\logo.png","bg_img":{"val":"","flag":false},"bg_color":{"val":"#ffffff","flag":false},"interpolation":{"flag":true}}}