{"file":{"time_start":"2014-10-21","time_end":"2014-10-21","is_newest":true,"newest_days":100},"in_out":{"dir_in":"E:\\source\\nodejs_project\\micaps\\data\\micaps\\14\\rr012608","dir_out":"C:\\Users\\Administrator\\Desktop\\数据恢复软件 PerfectRecovery","file_rule":{"common":{"prefix":"rr","date_format":"MMddhh","postfix":"","file_suffix":"048"},"custom":"rrMMddhh.048.json","type":"2","file_type":"2","file_hour":48},"out_filename":"48小时降水_800x800.png"},"title":{"title_1":{"is_show":true,"text":"48小时降水预报","style":"font-size: 40px; color: rgb(0, 0, 0); font-weight: bold; font-style: normal; text-decoration: none; line-height: 40px; background-color: transparent;"},"title_2":{"is_show":true,"text":"MM月dd日hh时-dd日hh时","style":"font-size: 30px; color: rgb(0, 0, 0); font-weight: bold; font-style: normal; text-decoration: none; line-height: 30px; background-color: transparent;"},"title_3":{"is_show":true,"text":"MM月dd日hh时发布","style":"font-size: 24px; color: rgb(0, 0, 0); font-weight: bold; font-style: normal; text-decoration: none; line-height: 24px; background-color: transparent;"}},"legend":{"unit":"厘米","is_show_legend":true,"is_show_unit":true,"is_reverse":false,"is_updown":true,"blendent":[{"val":{"n":"雨夹雪","v":24},"color_start":"#00ff00","color_end":"#0080ff","is_stripe":false,"number_min":"0","number_max":"40","number_level":"3","colors":[{"is_checked":true,"color":"#ff8040","color_text":"#000000","val":[-9999,0],"text":"<0","order":0},{"is_checked":true,"color":"#00e533","color_text":"#000000","val":[0,13.3],"text":"0-13.3","order":0},{"is_checked":true,"color":"#00cb66","color_text":"#000000","val":[13.3,26.7],"text":"13.3-26.7","order":0},{"is_checked":true,"color":"#00b199","color_text":"#000000","val":[26.7,40],"text":"26.7-40","order":0},{"is_checked":true,"color":"#8080ff","color_text":"#000000","val":[40,99999],"text":"40≤","order":0}]},{"val":{"n":"雨","v":26},"color_start":"#ff8000","color_end":"#000080","is_stripe":false,"number_min":"0","number_max":"40","number_level":"5","colors":[{"is_checked":false,"color":"#ff8000","color_text":"#000000","val":[-9999,0],"text":"<0","order":0},{"is_checked":true,"color":"#da6d12","color_text":"#000000","val":[0,8],"text":"≤0<8","order":0},{"is_checked":true,"color":"#b55a24","color_text":"#000000","val":[8,16],"text":"≤8<16","order":0},{"is_checked":true,"color":"#904736","color_text":"#000000","val":[16,24],"text":"≤16<24","order":0},{"is_checked":true,"color":"#6b3448","color_text":"#000000","val":[24,32],"text":"≤24<32","order":0},{"is_checked":true,"color":"#46215a","color_text":"#000000","val":[32,40],"text":"≤32<40","order":0},{"is_checked":false,"color":"#210e6c","color_text":"#000000","val":[40,99999],"text":"40≤","order":0}]},{"val":{"n":"雪","v":23},"color_start":"#0000ff","color_end":"#ff0000","is_stripe":false,"number_min":"0","number_max":"40","number_level":"10","colors":[{"is_checked":false,"color":"#0000ff","color_text":"#000000","val":[-9999,0],"text":"<0","order":0},{"is_checked":false,"color":"#1500e9","color_text":"#000000","val":[0,4],"text":"≤0<4","order":0},{"is_checked":false,"color":"#2a00d3","color_text":"#000000","val":[4,8],"text":"≤4<8","order":0},{"is_checked":false,"color":"#3f00bd","color_text":"#000000","val":[8,12],"text":"≤8<12","order":0},{"is_checked":false,"color":"#5400a7","color_text":"#000000","val":[12,16],"text":"≤12<16","order":0},{"is_checked":true,"color":"#690091","color_text":"#000000","val":[16,20],"text":"≤16<20","order":0},{"is_checked":true,"color":"#7e007b","color_text":"#000000","val":[20,24],"text":"≤20<24","order":0},{"is_checked":true,"color":"#930065","color_text":"#000000","val":[24,28],"text":"≤24<28","order":0},{"is_checked":true,"color":"#a8004f","color_text":"#000000","val":[28,32],"text":"≤28<32","order":0},{"is_checked":false,"color":"#bd0039","color_text":"#000000","val":[32,36],"text":"≤32<36","order":0},{"is_checked":false,"color":"#d20023","color_text":"#000000","val":[36,40],"text":"≤36<40","order":0},{"is_checked":false,"color":"#e7000d","color_text":"#000000","val":[40,99999],"text":"40≤","order":0}]}]},"other":{"logo":"E:\\source\\nodejs_project\\GraphTool\\image\\icon\\图标\\icon\\log.png","bg_img":{"val":"C:\\Users\\Public\\Pictures\\Sample Pictures\\Chrysanthemum.jpg","flag":true},"bg_color":{"val":"#000000","flag":true},"interpolation":{"flag":false}}}