{"file":{"time_start":"2014-10-21","time_end":"2014-10-21","is_newest":true,"newest_days":100},"in_out":{"dir_in":"E:\\docs\\2014工作\\SK替代\\样例数据\\6小时降水","dir_out":"C:\\Users\\Administrator\\Desktop\\locales","file_rule":{"common":{"prefix":"","date_format":"yyyyMMddhh","postfix":"","file_suffix":"000"},"custom":"15031214.000","type":"2","file_type":"1","file_hour":0},"out_filename":""},"title":{"title_1":{"is_show":true,"text":"示意图","style":"font-size: 40px;line-height:40px;font-weight: bold;"},"title_2":{"is_show":true,"text":"MM月dd日hh时-dd日hh时","style":"font-size: 30px;line-height:30px;font-weight: bold;"},"title_3":{"is_show":true,"text":"MM月dd日hh时发布","style":"font-size: 24px;line-height:24px;font-weight: bold;"}},"legend":{"unit":"厘米","is_show_legend":true,"is_show_unit":true,"is_reverse":false,"is_updown":true,"blendent":[{"val":{"n":"雨","v":26},"color_start":"#0000ff","color_end":"#ff0000","is_stripe":false,"number_min":"0","number_max":"50","number_level":"7","colors":[{"is_checked":true,"color":"#ffffff","color_text":"#000000","val":[-9999,0],"text":"无降水","order":0},{"is_checked":true,"color":"#a5f58b","color_text":"#000000","val":[0,2],"text":"1-2","order":0},{"is_checked":true,"color":"#65bc49","color_text":"#000000","val":[2,4],"text":"2-4","order":0},{"is_checked":true,"color":"#00734c","color_text":"#000000","val":[4,6],"text":"4-6","order":0},{"is_checked":true,"color":"#5bbcf5","color_text":"#000000","val":[6,8],"text":"6-8","order":0},{"is_checked":true,"color":"#0065d6","color_text":"#ffffff","val":[8,10],"text":"8-10","order":0},{"is_checked":true,"color":"#5401fe","color_text":"#ffffff","val":[10,20],"text":"10-20","order":0},{"is_checked":true,"color":"#bc01c8","color_text":"#ffffff","val":[20,50],"text":"20-50","order":0},{"is_checked":true,"color":"#710103","color_text":"#ffffff","val":[50,99999],"text":"≥50毫米","order":0}]}]},"other":{"logo":"E:\\source\\nodejs_project\\GraphTool\\image\\icon\\图标\\4.省气象局图标_128\\北京市气象局.png","bg_img":{"val":"","flag":false},"bg_color":{"val":"#ffffff","flag":false},"interpolation":{"flag":false}}}