{"file":{"time_start":"2014-10-21","time_end":"2014-10-21","is_newest":true,"newest_days":1},"in_out":{"dir_in":"","dir_out":"","file_rule":{"common":{"prefix":"","date_format":"yyyyMMddhh","postfix":"","file_suffix":"000"},"custom":"","type":"1","file_type":"1","file_hour":0,"col":3},"out_filename":"a_800x800.png"},"title":{"title_1":{"is_show":true,"text":"示意图","style":"font-size: 40px;line-height:40px;font-weight: bold;"},"title_2":{"is_show":true,"text":"mm月dd日hh时-dd日hh时","style":"font-size: 30px;line-height:30px;font-weight: bold;"},"title_3":{"is_show":true,"text":"mm月dd日hh时发布","style":"font-size: 24px;line-height:24px;font-weight: bold;"}},"legend":{"unit":"厘米","is_show_legend":true,"is_show_unit":true,"is_reverse":true,"is_updown":false,"blendent":[{"val":{"n":"雨","v":26},"color_start":"#0000ff","color_end":"#ff0000","is_stripe":false,"number_min":"0","number_max":"40","number_level":"2","colors":[{"is_checked":true,"color":"#0000ff","color_text":"#000000","val":[null,null],"text":"<0","order":1},{"is_checked":true,"color":"#3f00bf","color_text":"#000000","val":[null,null],"text":"0-20","order":0},{"is_checked":true,"color":"#7e007f","color_text":"#000000","val":[null,null],"text":"20-40","order":0},{"is_checked":true,"color":"#bd003f","color_text":"#000000","val":[null,null],"text":"40≤","order":0}]}]},"other":{"logo":"E:\\source\\nodejs_project\\GraphTool\\image\\icon\\图标\\4.省气象局图标_128\\北京市气象局.png","bg_img":{"val":"","flag":false},"bg_color":{"val":"#ffffff","flag":false},"interpolation":{"flag":false},"template":["800","800"]}}