[{"name":"常用图形","childNodes":[{"name":"降水","childNodes":[{"name":"逐小时降水"},{"name":"24小时降水"},{"name":"48小时降水"},{"name":"72小时降水"}]},{"name":"温度","childNodes":[{"name":"24小时变温实况"}]},{"name":"测试数据","childNodes":[{"name":"旅游指数"},{"name":"能见度"},{"name":"积雪深度"},{"name":"6小时降水"},{"name":"24小时降水实况"},{"name":"逐小时极大风速"},{"name":"平均温度"},{"name":"形势场"}]}]},{"name":"雷达","childNodes":[{"name":"基本反射率"},{"name":"组合反射率"},{"name":"测试"},{"name":"a"},{"name":"b"}]}]