{"file":{"time_start":"2014-10-21","time_end":"2014-10-21","is_newest":true,"newest_days":100},"in_out":{"dir_in":"E:\\docs\\2014工作\\SK替代\\样例数据\\能见度","dir_out":"C:\\Users\\Administrator\\Desktop\\locales","file_rule":{"common":{"prefix":"","date_format":"yyyyMMddhh","postfix":"","file_suffix":"000"},"custom":"15031210.000","type":"2","file_type":"1","file_hour":0},"out_filename":"能见度_800x800.png"},"title":{"title_1":{"is_show":true,"text":"示意图","style":"font-size: 40px;line-height:40px;font-weight: bold;"},"title_2":{"is_show":true,"text":"MM月dd日hh时-dd日hh时","style":"font-size: 30px;line-height:30px;font-weight: bold;"},"title_3":{"is_show":true,"text":"MM月dd日hh时发布","style":"font-size: 24px;line-height:24px;font-weight: bold;"}},"legend":{"unit":"厘米","is_show_legend":true,"is_show_unit":true,"is_reverse":false,"is_updown":true,"blendent":[{"val":{"n":"雨","v":26},"color_start":"#0000ff","color_end":"#ff0000","is_stripe":false,"number_min":"0","number_max":"30","number_level":"10","colors":[{"is_checked":true,"color":"#782306","color_text":"#000000","val":[-9999,0.11],"text":"0~0.1km","order":0},{"is_checked":true,"color":"#9700ff","color_text":"#000000","val":[0.11,0.21],"text":"0.1~0.2","order":0},{"is_checked":true,"color":"#f90401","color_text":"#000000","val":[0.21,0.51],"text":"0.2~0.5","order":0},{"is_checked":true,"color":"#ff5108","color_text":"#000000","val":[0.51,1.1],"text":"0.5~1","order":0},{"is_checked":true,"color":"#fdcd11","color_text":"#000000","val":[1.1,2.1],"text":"1~2","order":0},{"is_checked":true,"color":"#e8eb2c","color_text":"#000000","val":[2.1,3.1],"text":"2~3","order":0},{"is_checked":true,"color":"#b4fc39","color_text":"#000000","val":[3.1,5.1],"text":"3~5","order":0},{"is_checked":true,"color":"#77f740","color_text":"#000000","val":[5.1,10.1],"text":"5~10","order":0},{"is_checked":true,"color":"#33faa7","color_text":"#000000","val":[10.1,15.1],"text":"10~15","order":0},{"is_checked":true,"color":"#61cee5","color_text":"#000000","val":[15.1,20.1],"text":"15~20","order":0},{"is_checked":true,"color":"#95ddf6","color_text":"#000000","val":[20.1,30.1],"text":"20~30","order":0},{"is_checked":true,"color":"#ffffff","color_text":"#000000","val":[30.1,99999],"text":"≥30km","order":0}]}]},"other":{"logo":"E:\\source\\nodejs_project\\GraphTool\\image\\icon\\图标\\4.省气象局图标_128\\北京市气象局.png","bg_img":{"val":"","flag":false},"bg_color":{"val":"#ffffff","flag":false},"interpolation":{"flag":true}}}