{"file":{"time_start":"2014-08-21","time_end":"2014-12-30","is_newest":false,"newest_days":1000},"in_out":{"dir_in":"E:\\source\\nodejs_project\\micaps\\data\\micaps\\14","dir_out":"C:\\Users\\Administrator\\Desktop\\locales","file_rule":{"common":{"prefix":"rr","date_format":"yyMMdd","postfix":"","file_suffix":"024"},"custom":"rrMMdd08.024.json","type":"2","file_type":"2","file_hour":12},"out_filename":"逐小时降水_800x800.png"},"title":{"title_1":{"is_show":true,"text":"最高气温预报示意图","style":"font-size: 40px; color: rgb(0, 0, 0); font-weight: bold; font-style: normal; text-decoration: none; line-height: 40px; background-color: transparent;"},"title_2":{"is_show":true,"text":"MM月dd日hh时-dd日hh时","style":"font-size: 30px; color: rgb(0, 0, 0); font-weight: bold; font-style: italic; text-decoration: line-through underline; line-height: 30px; background-color: rgb(128, 255, 128);"},"title_3":{"is_show":true,"text":"中央气象台MM月dd日hh时发布","style":"font-size: 22px; color: rgb(0, 0, 0); font-weight: bold; font-style: normal; text-decoration: none; line-height: 22px; background-color: transparent;"}},"legend":{"unit":"毫米","is_show_legend":true,"is_show_unit":true,"is_reverse":true,"is_updown":true,"blendent":[{"val":{"n":"雨","v":26},"color_start":"#0000ff","color_end":"#ff0000","is_stripe":false,"number_min":"0","number_max":"100","number_level":"4","colors":[]},{"val":{"n":"雪","v":23},"color_start":"#c0c0c0","color_end":"#000000","is_stripe":false,"number_min":"0","number_max":"40","number_level":"4","colors":[]},{"val":{"n":"雨夹雪","v":24},"color_start":"#0000ff","color_end":"#ff0000","is_stripe":true,"number_min":"0","number_max":"40","number_level":"4","colors":[]}]},"other":{"logo":"E:\\source\\nodejs_project\\GraphTool\\image\\icon\\图标\\icon\\log.png","bg_img":{"val":"C:\\Users\\Public\\Pictures\\Sample Pictures\\Desert.jpg","flag":true},"bg_color":{"val":"#0000ff","flag":false},"interpolation":{"flag":true}}}