{"file":{"time_start":"2014-10-21","time_end":"2014-10-21","is_newest":true,"newest_days":100},"in_out":{"dir_in":"E:\\docs\\2014工作\\SK替代\\样例数据\\1类数据\\15030105","dir_out":"C:\\Users\\Administrator\\Desktop\\locales","file_rule":{"common":{"prefix":"","date_format":"yyyyMMddhh","postfix":"","file_suffix":"000"},"custom":"15030105.000","type":"2","file_type":"1","file_hour":0,"col":8},"out_filename":"1类数据_800x800.png"},"title":{"title_1":{"is_show":true,"text":"示意图","style":"font-size: 40px;line-height:40px;font-weight: bold;"},"title_2":{"is_show":true,"text":"MM月dd日hh时-dd日hh时","style":"font-size: 30px;line-height:30px;font-weight: bold;"},"title_3":{"is_show":true,"text":"MM月dd日hh时发布","style":"font-size: 24px;line-height:24px;font-weight: bold;"}},"legend":{"unit":"厘米","is_show_legend":true,"is_show_unit":true,"is_reverse":false,"is_updown":true,"blendent":[{"val":{"n":"雨","v":26},"color_start":"#0000ff","color_end":"#ff0000","is_stripe":false,"number_min":"0","number_max":"17.2","number_level":"2","colors":[{"is_checked":false,"color":"#ffffff","color_text":"#000000","val":[-9999,5.5],"text":"","order":0},{"is_checked":true,"color":"#71ffff","color_text":"#000000","val":[5.5,10.8],"text":"5-4级风","order":0},{"is_checked":true,"color":"#13a0ec","color_text":"#000000","val":[10.8,17.2],"text":"6-7级风","order":0},{"is_checked":true,"color":"#ffff00","color_text":"#000000","val":[17.2,99999],"text":"8级以上风","order":0}]}]},"other":{"logo":"E:\\source\\nodejs_project\\GraphTool\\image\\icon\\图标\\4.省气象局图标_128\\北京市气象局.png","bg_img":{"val":"","flag":false},"bg_color":{"val":"#ffffff","flag":false},"interpolation":{"flag":true}}}