{"file":{"time_start":"2014-10-21","time_end":"2014-10-21","is_newest":true,"newest_days":100},"in_out":{"dir_in":"E:\\docs\\2014工作\\SK替代\\样例数据\\积雪深度","dir_out":"C:\\Users\\Administrator\\Desktop\\locales","file_rule":{"common":{"prefix":"","date_format":"yyyyMMddhh","postfix":"","file_suffix":"000"},"custom":"15031208.dat","type":"2","file_type":"1","file_hour":0,"col":3},"out_filename":"积雪深度_800x800.png"},"title":{"title_1":{"is_show":true,"text":"示意图","style":"font-size: 40px;line-height:40px;font-weight: bold;"},"title_2":{"is_show":true,"text":"MM月dd日hh时-dd日hh时","style":"font-size: 30px;line-height:30px;font-weight: bold;"},"title_3":{"is_show":true,"text":"MM月dd日hh时发布","style":"font-size: 24px;line-height:24px;font-weight: bold;"}},"legend":{"unit":"厘米","is_show_legend":true,"is_show_unit":true,"is_reverse":false,"is_updown":false,"blendent":[{"val":{"n":"雨","v":26},"color_start":"#0000ff","color_end":"#ff0000","is_stripe":false,"number_min":"0","number_max":"30","number_level":"3","colors":[{"is_checked":true,"color":"#d2d2ff","color_text":"#000000","val":[0,5],"text":"0-5","order":0},{"is_checked":true,"color":"#9ec7fe","color_text":"#000000","val":[5,10],"text":"5-10","order":0},{"is_checked":true,"color":"#678dfe","color_text":"#000000","val":[10,20],"text":"10-20","order":0},{"is_checked":true,"color":"#024ed9","color_text":"#ffffff","val":[20,30],"text":"20-30","order":0},{"is_checked":true,"color":"#0729b4","color_text":"#ffffff","val":[30,99999],"text":"＞30厘米","order":0}]}]},"other":{"logo":"E:\\source\\nodejs_project\\GraphTool\\image\\icon\\图标\\4.省气象局图标_128\\北京市气象局.png","bg_img":{"val":"","flag":false},"bg_color":{"val":"#ffffff","flag":false},"interpolation":{"flag":false}}}