{"file":{"time_start":"2014-10-21","time_end":"2014-10-21","is_newest":true,"newest_days":1},"in_out":{"dir_in":"E:\\source\\nodejs_project\\micaps\\data\\micaps_source\\14","dir_out":"","file_rule":{"common":{"prefix":"haze","date_format":"yyyyMMddhh","postfix":"","file_suffix":"000"},"custom":"haze020308.024","type":"2","file_type":"1","file_hour":0,"col":11},"out_filename":"基本反射率_800x800.png"},"title":{"title_1":{"is_show":true,"text":"最高气温预报示意图","style":""},"title_2":{"is_show":true,"text":"mm月dd日hh时-dd日hh时","style":""},"title_3":{"is_show":true,"text":"mm月dd日hh时发布","style":""}},"legend":{"unit":"厘米","is_show_legend":true,"is_show_unit":true,"is_reverse":false,"is_updown":true,"blendent":[{"val":{"n":"雨","v":26},"color_start":"#0000ff","color_end":"#ff0000","is_stripe":false,"number_min":"0","number_max":"100","number_level":"4","colors":[]},{"val":{"n":"雪","v":23},"color_start":"#c0c0c0","color_end":"#000000","is_stripe":false,"number_min":"0","number_max":"40","number_level":"4","colors":[]},{"val":{"n":"雨夹雪","v":24},"color_start":"#0000ff","color_end":"#ff0000","is_stripe":true,"number_min":"0","number_max":"40","number_level":"4","colors":[]}]},"other":{"logo":"E:\\source\\nodejs_project\\GraphTool\\image\\icon\\图标\\4.省气象局图标_128\\北京市气象局.png","bg_img":{"val":"","flag":false},"bg_color":{"val":"#ffffff","flag":false},"interpolation":{"flag":false}}}