{"file":{"time_start":"2014-10-21","time_end":"2014-10-21","is_newest":true,"newest_days":100},"in_out":{"dir_in":"E:\\docs\\2014工作\\SK替代\\样例数据\\平均温度","dir_out":"C:\\Users\\Administrator\\Desktop\\locales","file_rule":{"common":{"prefix":"","date_format":"yyyyMMddhh","postfix":"","file_suffix":"000"},"custom":"150312.000","type":"2","file_type":"1","file_hour":0,"col":3},"out_filename":""},"title":{"title_1":{"is_show":true,"text":"示意图","style":"font-size: 40px;line-height:40px;font-weight: bold;"},"title_2":{"is_show":true,"text":"MM月dd日hh时-dd日hh时","style":"font-size: 30px;line-height:30px;font-weight: bold;"},"title_3":{"is_show":true,"text":"MM月dd日hh时发布","style":"font-size: 24px;line-height:24px;font-weight: bold;"}},"legend":{"unit":"厘米","is_show_legend":true,"is_show_unit":true,"is_reverse":false,"is_updown":true,"blendent":[{"val":{"n":"温度","v":"102"},"color_start":"#0000ff","color_end":"#ff0000","is_stripe":false,"number_min":"-30","number_max":"40","number_level":"8","colors":[{"is_checked":true,"color":"#1f1885","color_text":"#ffffff","val":[-99999,-30],"text":"＜-30℃","order":0},{"is_checked":true,"color":"#1149d8","color_text":"#ffffff","val":[-30,-21],"text":"-30~-20","order":0},{"is_checked":true,"color":"#4db4f5","color_text":"#000000","val":[-21,-13],"text":"-20~-10","order":0},{"is_checked":true,"color":"#f9de46","color_text":"#000000","val":[-13,-4],"text":"-10~0","order":0},{"is_checked":true,"color":"#f9f2bb","color_text":"#000000","val":[-4,5],"text":"0~10","order":0},{"is_checked":true,"color":"#f9de46","color_text":"#000000","val":[5,13.8],"text":"10~20","order":0},{"is_checked":true,"color":"#ffa800","color_text":"#000000","val":[13.8,22.5],"text":"20~30","order":0},{"is_checked":true,"color":"#ff6c00","color_text":"#000000","val":[22.5,31.3],"text":"30~35","order":0},{"is_checked":true,"color":"#e70000","color_text":"#ffffff","val":[31.3,40],"text":"35~40","order":0},{"is_checked":true,"color":"#9d0000","color_text":"#ffffff","val":[40,99999],"text":"≥40℃","order":0}]}]},"other":{"logo":"E:\\source\\nodejs_project\\GraphTool\\image\\icon\\图标\\4.省气象局图标_128\\北京市气象局.png","bg_img":{"val":"","flag":false},"bg_color":{"val":"#ffffff","flag":false},"interpolation":{"flag":true}}}