{"file":{"time_start":"2014-10-21","time_end":"2014-10-21","is_newest":true,"newest_days":100},"in_out":{"dir_in":"E:\\source\\nodejs_project\\micaps\\data\\micaps_source\\14","dir_out":"C:\\Users\\Administrator\\Desktop\\locales","file_rule":{"common":{"prefix":"","date_format":"yyMMddhh","postfix":"","file_suffix":"000"},"custom":"","type":"1","file_type":"1","file_hour":0},"out_filename":"test-yyyyMMddhh.png"},"title":{"title_1":{"is_show":true,"text":"最高气温预报示意图","style":"font-size: 40px; color: rgb(0, 0, 0); font-weight: bold; font-style: normal; text-decoration: none; line-height: 40px; background-color: transparent;"},"title_2":{"is_show":true,"text":"副标题","style":"font-size: 30px; color: rgb(0, 0, 0); font-weight: bold; font-style: normal; text-decoration: none; line-height: 30px; background-color: transparent;"},"title_3":{"is_show":true,"text":"mm月dd日hh时发布","style":"font-size: 24px; color: rgb(0, 0, 0); font-weight: bold; font-style: normal; text-decoration: none; line-height: 24px; background-color: transparent;"}},"legend":{"unit":"厘米","is_show_legend":true,"is_show_unit":true,"is_reverse":false,"is_updown":true,"blendent":[{"val":{"n":"雨","v":26},"color_start":"#0000ff","color_end":"#ff0000","is_stripe":false,"number_min":"0","number_max":"40","number_level":"10","colors":[{"is_checked":true,"color":"#7e007b","color_text":"#000000","val":[20,24],"text":"20-24"},{"is_checked":true,"color":"#0000ff","color_text":"#000000","val":[null,0],"text":"<0"},{"is_checked":true,"color":"#1500e9","color_text":"#000000","val":[0,4],"text":"0-4"},{"is_checked":true,"color":"#2a00d3","color_text":"#000000","val":[4,8],"text":"4-8"},{"is_checked":true,"color":"#3f00bd","color_text":"#000000","val":[8,12],"text":"8-12"},{"is_checked":true,"color":"#5400a7","color_text":"#000000","val":[12,16],"text":"12-16"},{"is_checked":true,"color":"#690091","color_text":"#000000","val":[16,20],"text":"16-20"},{"is_checked":true,"color":"#930065","color_text":"#000000","val":[24,28],"text":"24-28"},{"is_checked":true,"color":"#a8004f","color_text":"#000000","val":[28,32],"text":"28-32"},{"is_checked":true,"color":"#bd0039","color_text":"#000000","val":[32,36],"text":"32-36"},{"is_checked":true,"color":"#d20023","color_text":"#000000","val":[36,40],"text":"36-40"},{"is_checked":true,"color":"#e7000d","color_text":"#000000","val":[40,null],"text":"40≤"}]},{"val":{"n":"雨夹雪","v":24},"color_start":"#0000ff","color_end":"#ff0000","is_stripe":true,"number_min":"0","number_max":"40","number_level":"10","colors":[{"is_checked":true,"color":"#7e007b","color_text":"#000000","val":[20,24],"text":"20-24"},{"is_checked":true,"color":"#0000ff","color_text":"#000000","val":[null,0],"text":"<0"},{"is_checked":true,"color":"#1500e9","color_text":"#000000","val":[0,4],"text":"0-4"},{"is_checked":true,"color":"#2a00d3","color_text":"#000000","val":[4,8],"text":"4-8"},{"is_checked":true,"color":"#3f00bd","color_text":"#000000","val":[8,12],"text":"8-12"},{"is_checked":true,"color":"#5400a7","color_text":"#000000","val":[12,16],"text":"12-16"},{"is_checked":true,"color":"#690091","color_text":"#000000","val":[16,20],"text":"16-20"},{"is_checked":true,"color":"#930065","color_text":"#000000","val":[24,28],"text":"24-28"},{"is_checked":true,"color":"#a8004f","color_text":"#000000","val":[28,32],"text":"28-32"},{"is_checked":true,"color":"#bd0039","color_text":"#000000","val":[32,36],"text":"32-36"},{"is_checked":true,"color":"#d20023","color_text":"#000000","val":[36,40],"text":"36-40"},{"is_checked":true,"color":"#e7000d","color_text":"#000000","val":[40,null],"text":"40≤"}]},{"val":{"n":"雪","v":23},"color_start":"#0000ff","color_end":"#ff0000","is_stripe":false,"number_min":"0","number_max":"40","number_level":"10","colors":[{"is_checked":true,"color":"#7e007b","color_text":"#000000","val":[20,24],"text":"20-24"},{"is_checked":true,"color":"#0000ff","color_text":"#000000","val":[null,0],"text":"<0"},{"is_checked":true,"color":"#1500e9","color_text":"#000000","val":[0,4],"text":"0-4"},{"is_checked":true,"color":"#2a00d3","color_text":"#000000","val":[4,8],"text":"4-8"},{"is_checked":true,"color":"#3f00bd","color_text":"#000000","val":[8,12],"text":"8-12"},{"is_checked":true,"color":"#5400a7","color_text":"#000000","val":[12,16],"text":"12-16"},{"is_checked":true,"color":"#690091","color_text":"#000000","val":[16,20],"text":"16-20"},{"is_checked":true,"color":"#930065","color_text":"#000000","val":[24,28],"text":"24-28"},{"is_checked":true,"color":"#a8004f","color_text":"#000000","val":[28,32],"text":"28-32"},{"is_checked":true,"color":"#bd0039","color_text":"#000000","val":[32,36],"text":"32-36"},{"is_checked":true,"color":"#d20023","color_text":"#000000","val":[36,40],"text":"36-40"},{"is_checked":true,"color":"#e7000d","color_text":"#000000","val":[40,null],"text":"40≤"}]}]},"other":{"logo":"E:\\source\\nodejs_project\\GraphTool\\image\\icon\\图标\\4.省气象局图标_128\\北京市气象局.png","bg_img":{"val":"","flag":false},"bg_color":{"val":"#000000","flag":false},"interpolation":{"flag":false}}}