{"file":{"time_start":"2014-10-21","time_end":"2014-10-21","is_newest":true,"newest_days":1},"in_out":{"dir_in":"","dir_out":"","file_rule":{"common":{"prefix":"","date_format":"yyyyMMddhh","postfix":"","file_suffix":"000"},"custom":"","type":"1","file_type":"1","file_hour":0},"out_filename":"测试_800x800.png"},"title":{"title_1":{"is_show":true,"text":"示意图","style":"font-size: 40px;line-height:40px;font-weight: bold;"},"title_2":{"is_show":true,"text":"mm月dd日hh时-dd日hh时","style":"font-size: 30px;line-height:30px;font-weight: bold;"},"title_3":{"is_show":true,"text":"mm月dd日hh时发布","style":"font-size: 24px;line-height:24px;font-weight: bold;"}},"legend":{"unit":"厘米","is_show_legend":true,"is_show_unit":true,"is_reverse":false,"is_updown":true,"blendent":[{"val":{"n":"雨","v":26},"color_start":"#0000ff","color_end":"#ff0000","is_stripe":false,"number_min":"0","number_max":"100","number_level":"4","colors":[]},{"val":{"n":"雪","v":23},"color_start":"#c0c0c0","color_end":"#000000","is_stripe":false,"number_min":"0","number_max":"40","number_level":"4","colors":[]},{"val":{"n":"雨夹雪","v":24},"color_start":"#0000ff","color_end":"#ff0000","is_stripe":true,"number_min":"0","number_max":"40","number_level":"4","colors":[]}]},"other":{"logo":"E:\\source\\nodejs_project\\GraphTool\\image\\icon\\图标\\4.省气象局图标_128\\北京市气象局.png","bg_img":{"val":"","flag":false},"bg_color":{"val":"#ffffff","flag":false},"interpolation":{"flag":false}}}